"0","get_final_composition(A, r)"
"1"," [1]"
"1"," 1.7588344"
"1"," 2.5440743"
"1"," 0.0000000"
"1"," 0.7860178"
"1"," 1.8730535"
"1"," 2.5502055"
"1"," 0.6961259"
"1","
"
"1"," [8]"
"1"," 1.6956878"
"1"," 0.0000000"
"1"," 0.0000000"
"1","
"
"0","x"
"1"," [1]"
"1"," 1.7588344"
"1"," 2.5440743"
"1"," 0.0000000"
"1"," 0.7860178"
"1"," 1.8730535"
"1"," 2.5502055"
"1"," 0.6961259"
"1","
"
"1"," [8]"
"1"," 1.6956878"
"1"," 0.0000000"
"1"," 0.0000000"
"1","
"
